Descriptor ID, Fitness, R2_Train, R2Pred_Validation, R2Pred_Test
3[16- 162- 221- 338],0.00140513706553,0.999253922694,0.770580272203,0.829105194663
