Descriptor ID, Fitness, R2_Train, R2Pred_Validation, R2Pred_Test
[6- 23- 44- 158- 210- 248],0.127202337496,0.808491784292,0.703357975394,0.792635151254
