Descriptor ID, Fitness, R2_Train, R2Pred_Validation, R2Pred_Test
[19- 53- 169- 368- 390],0.158483052657,0.705762836016,0.709398127796,0.73969014939
