Descriptor ID, Fitness, R2_Train, R2Pred_Validation, R2Pred_Test
[24- 188- 274- 302- 330- 344- 362],0.497053794863,0.692689756426,0.796374909676,0.768629376089
