Descriptor ID, Fitness, R2_Train, R2Pred_Validation, R2Pred_Test
[73- 74- 93- 236- 324- 345- 391],0.000457149753243,0.999875919277,0.945838118522,0.717314122974
