Descriptor ID, Fitness, R2_Train, R2Pred_Validation, R2Pred_Test
    [30- 120- 142- 368],0.0476310658572,0.816749352311,0.753481940964,0.712632199127
