Descriptor ID, Fitness, R2_Train, R2Pred_Validation, R2Pred_Test
[73- 74- 93- 236- 324- 345- 391],0.00151449053922,0.999875919277,0.900886925447,0.852287777842
